idPelicula,titulo,anioLanzamiento,resumen
1001,El Despertar del Fuego,2019,En un mundo posapocaliptico un grupo de supervivientes lucha por controlar una fuente de energia renovable que podria salvar a la humanidad o llevarla a su perdicion.
1002,El Ultimo Baile,2022,En un baile de graduacion de una pequeña ciudad un grupo de amigos descubre oscuros secretos del pasado que los obligan a enfrentar difíciles decisiones sobre su futuro.
1003,Sombras del Pasado,2015,Una mujer regresa a su ciudad natal para resolver el misterio detrás de la desaparicion de su hermana enfrentándose a secretos familiares que amenazan con destruirlo todo.
1004,El Refugio,2020,Despues de un desastre natural global un grupo de extranios se refugia en un bunker subterraneo pero pronto descubren que el verdadero peligro no esta afuera sino entre ellos mismos.
1005,El Laberinto de la Mente,2017,Un brillante psicologo se embarca en un viaje alucinante a traves de la mente de un paciente con amnesia enfrentando sus propios demonios mientras intenta descifrar la verdad detras de un crimen olvidado.
1006,El Ultimo Susurro,2023,En un futuro distopico donde el gobierno controla todos los aspectos de la vida un grupo de rebeldes lucha por la libertad arriesgando todo en una mision para revelar la verdad oculta detras de la opresion.
1007,Suenios Rotos,2018,Despues de perderlo todo en un accidente devastador un joven deportista lucha por reconstruir su vida y su carrera encontrando esperanza y redencion en lugares inesperados.
1008,La Ciudad de las Sombras,2021,En una metropolis futurista donde la tecnologia y la corrupción se entrelazan un detective cinico se sumerge en un oscuro submundo de crimen y conspiracion mientras persigue a un elusivo asesino en serie.
1009,El Misterio del Horizonte,2016,Un equipo de cientificos a bordo de un submarino de alta tecnologia se aventura en las profundidades del oceano para investigar extranios fenomenos naturales pero descubren algo mucho mas aterrador que desafia todo lo que creian saber.
1010,La Ultima Frontera,2024,En un mundo donde la Tierra esta al borde del colapso un grupo de exploradores se embarca en una peligrosa mision espacial para encontrar un nuevo hogar para la humanidad enfrentando peligros desconocidos en los confines del universo.
1011,El Susurro del Viento,2019,En un remoto pueblo montanioso una joven con un don especial para comunicarse con la naturaleza descubre un antiguo secreto que podria salvar a su comunidad de la destruccion pero desencadena fuerzas oscuras que amenazan con consumirla.
1012,El Juego de las Sombras,2022,Durante un fin de semana en una cabania aislada un grupo de amigos se enfrenta a sus peores pesadillas cuando un juego aparentemente inofensivo se convierte en una lucha desesperada por sobrevivir contra un enemigo invisible.
